Game,Released,Game platforms,Status,Played on,Created,Updated,Rating,Review,Rating Created,Url
Town of Salem,2014-12-15,"PC, macOS, Web",Completed,PC,2020-02-03 22:05:43,2020-02-05 01:00:48,recommended,,2020-02-03 23:29:24,https://rawg.io/games/town-of-salem
LEGO The Hobbit,2014-04-08,"PC, macOS, PS Vita, PlayStation 4, Wii U, Xbox One, Xbox 360, PlayStation 3, Nintendo 3DS",Not played,PC,2020-02-03 22:05:42,2020-02-05 01:00:41,,,,https://rawg.io/games/lego-the-hobbit
Ultimate Chicken Horse,2016-03-04,"macOS, Android, PC, Linux, PlayStation 4, Xbox One, Nintendo Switch",Currently playing,PC,2020-02-03 22:05:43,2020-02-05 00:59:30,,,,https://rawg.io/games/ultimate-chicken-horse
Drawn to Life: The Next Chapter,2009-10-27,"Nintendo DS, Wii",Completed,Nintendo DS,2020-02-05 00:58:19,2020-02-05 00:58:24,,,,https://rawg.io/games/drawn-to-life-the-next-chapter
The Pedestrian,2020-01-28,"Linux, macOS, PC",Wishlist,,2020-02-05 00:55:48,2020-02-05 00:55:48,,,,https://rawg.io/games/the-pedestrian
Red Dead Redemption 2,2018-10-26,"PC, Xbox One, PlayStation 4",Wishlist,,2020-02-05 00:55:38,2020-02-05 00:55:38,,,,https://rawg.io/games/red-dead-redemption-2
Marvel's Spider-Man,2018-09-07,PlayStation 4,Wishlist,PlayStation 4,2020-02-05 00:55:36,2020-02-05 00:55:36,,,,https://rawg.io/games/marvels-spider-man
Spyro Reignited Trilogy,2018-11-13,"PC, Nintendo Switch, PlayStation 4, Xbox One",Wishlist,,2020-02-05 00:55:29,2020-02-05 00:55:29,,,,https://rawg.io/games/spyro-reignited-trilogy
Monster Hunter Generations Ultimate,2018-08-28,Nintendo Switch,Currently playing,Nintendo Switch,2020-02-05 00:54:34,2020-02-05 00:54:37,,,,https://rawg.io/games/monster-hunter-generations-ultimate
Tales of Maj'Eyal,2012-12-20,"Linux, PC, macOS",Played,PC,2020-02-03 22:05:41,2020-02-03 22:39:13,,,,https://rawg.io/games/tales-of-majeyal
Europa Universalis IV,2013-08-13,"PC, Linux, macOS",Currently playing,PC,2020-02-03 22:05:41,2020-02-03 22:27:22,,,,https://rawg.io/games/europa-universalis-iv
Beneath a Steel Sky,1994-04-10,"PC, macOS, Linux, Commodore / Amiga, iOS, Classic Macintosh",Not played,PC,2020-02-04 14:39:58,2020-02-04 14:40:47,,,,https://rawg.io/games/beneath-a-steel-sky
Dragonsphere,1994-01-01,"PC, macOS, Linux",Not played,PC,2020-02-04 14:39:58,2020-02-04 14:40:46,,,,https://rawg.io/games/dragonsphere
Freespace 2,1999-09-30,PC,Not played,PC,2020-02-04 14:39:58,2020-02-04 14:40:43,,,,https://rawg.io/games/freespace-2
Akalabeth: World of Doom,1979-12-31,"iOS, macOS, Apple II, PC, Linux",Not played,PC,2020-02-04 14:39:58,2020-02-04 14:40:41,,,,https://rawg.io/games/akalabeth-world-of-doom-2
Ultima IV: Quest of the Avatar,1985-09-16,"PC, macOS, iOS, Atari ST, SEGA Master System, Classic Macintosh, Apple II, Atari 8-bit, Commodore / Amiga, NES",Not played,PC,2020-02-04 14:39:58,2020-02-04 14:40:39,,,,https://rawg.io/games/ultima-iv-quest-of-the-avatar
Tyrian 2000,1999-11-29,"macOS, PC",Not played,PC,2020-02-04 14:39:58,2020-02-04 14:40:33,,,,https://rawg.io/games/tyrian-2000
Battle Realms + Winter of the Wolf,2002-11-10,PC,Not played,PC,2020-02-04 14:39:58,2020-02-04 14:40:32,,,,https://rawg.io/games/battle-realms-winter-of-the-wolf
Treasure Adventure Game,2011-11-25,PC,Not played,PC,2020-02-04 14:39:58,2020-02-04 14:40:30,,,,https://rawg.io/games/treasure-adventure-game
Warsow,2012-10-07,"macOS, PC, Linux",Not played,PC,2020-02-04 14:39:58,2020-02-04 14:40:28,,,,https://rawg.io/games/warsow
Grim Fandango Remastered,2015-01-26,"PC, Android, macOS, Linux, iOS, PS Vita, PlayStation 4, Nintendo Switch",Not played,PC,2020-02-04 14:39:58,2020-02-04 14:40:27,,,,https://rawg.io/games/grim-fandango-remastered
Obduction,2016-08-23,"macOS, PC, PlayStation 4",Not played,PC,2020-02-04 14:39:58,2020-02-04 14:40:24,,,,https://rawg.io/games/obduction
Mitos.is: The Game,2015-07-29,"PC, macOS",Played,PC,2020-02-03 22:05:44,2020-02-04 14:37:56,,,,https://rawg.io/games/mitosis-the-game
"Pokémon Gold, Silver",1999-11-21,"Nintendo 3DS, Game Boy, Game Boy Color",Played,,2020-02-04 14:35:34,2020-02-04 14:35:36,,,,https://rawg.io/games/pokemon-gold
Pokémon GO,2016-07-07,"iOS, Android",Played,,2020-02-04 14:35:28,2020-02-04 14:35:31,,,,https://rawg.io/games/pokemon-go
Team Fortress 2,2007-10-10,"PC, Linux, macOS",Played,PC,2020-02-03 22:05:45,2020-02-03 22:33:30,,,,https://rawg.io/games/team-fortress-2
Counter-Strike: Global Offensive,2012-08-21,"PC, Xbox 360, PlayStation 3",Played,PC,2020-02-03 22:05:45,2020-02-03 22:48:59,,,,https://rawg.io/games/counter-strike-global-offensive
Hitman 2,2018-11-13,"PC, PlayStation 4, Xbox One",Wishlist,PC,2020-02-03 22:05:45,2020-02-03 22:09:43,,,,https://rawg.io/games/hitman-2
Crusader Kings II,2012-02-14,"PC, Linux, macOS",Played,PC,2020-02-03 22:05:45,2020-02-03 22:40:19,,,,https://rawg.io/games/crusader-kings-ii
Pillars of Eternity II: Deadfire,2018-05-07,"Nintendo Switch, Xbox One, Linux, macOS, PlayStation 4, PC",Played,PC,2020-02-03 22:05:45,2020-02-03 22:09:39,,,,https://rawg.io/games/pillars-of-eternity-ii-deadfire
Turbo Pug DX,2016-09-26,PC,Not played,PC,2020-02-03 22:05:45,2020-02-03 22:21:32,,,,https://rawg.io/games/turbo-pug-dx
Deceit,2017-03-03,PC,Played,PC,2020-02-03 22:05:45,2020-02-03 22:16:52,,,,https://rawg.io/games/deceit
Divinity: Original Sin 2,2017-09-14,"PlayStation 4, Xbox One, PC",Played,PC,2020-02-03 22:05:45,2020-02-03 22:10:40,,,,https://rawg.io/games/divinity-original-sin-2
Never Split the Party,1900-01-01,"macOS, PC, Linux",Played,PC,2020-02-03 22:05:45,2020-02-03 22:42:11,,,,https://rawg.io/games/never-split-the-party
Bad North,2016-11-16,"macOS, PC, Android, Nintendo Switch, PlayStation 4, iOS, Xbox One",Played,PC,2020-02-03 22:05:45,2020-02-03 22:17:51,,,,https://rawg.io/games/bad-north
Jotun: Valhalla Edition,2015-09-29,"PC, Xbox One, Nintendo Switch, PlayStation 4",Played,PC,2020-02-03 22:05:45,2020-02-03 22:14:02,,,,https://rawg.io/games/jotun
FINAL FANTASY XV WINDOWS EDITION,2018-03-06,PC,Played,PC,2020-02-03 22:05:45,2020-02-03 22:17:10,,,,https://rawg.io/games/final-fantasy-xv-windows-edition
Bendy and the Ink Machine,2017-04-27,"Android, iOS, Linux, PlayStation 4, Nintendo Switch, macOS, PC, Xbox One",Played,PC,2020-02-03 22:05:44,2020-02-03 22:16:48,,,,https://rawg.io/games/bendy-and-the-ink-machine
Graveyard Keeper,2018-08-14,"iOS, Android, Linux, PC, macOS, PlayStation 4, Nintendo Switch, Xbox One",Currently playing,PC,2020-02-03 22:05:44,2020-02-03 22:07:59,,,,https://rawg.io/games/graveyard-keeper
Ni no Kuni II: Revenant Kingdom,2018-03-23,"PC, PlayStation 4",Played,PC,2020-02-03 22:05:44,2020-02-03 22:09:35,,,,https://rawg.io/games/ni-no-kuni-ii-revenant-kingdom
Life is Strange,2015-01-29,"iOS, Android, Xbox 360, Linux, Xbox One, PlayStation 4, PC, macOS, PlayStation 3",Played,PC,2020-02-03 22:05:44,2020-02-03 22:26:38,,,,https://rawg.io/games/life-is-strange-episode-1-2
Fallout 4,2015-11-09,"PC, Xbox One, PlayStation 4",Played,PC,2020-02-03 22:05:44,2020-02-03 22:08:32,,,,https://rawg.io/games/fallout-4
Samorost 3,2016-03-14,"macOS, iOS, Android, PC",Played,PC,2020-02-03 22:05:44,2020-02-03 22:20:50,,,,https://rawg.io/games/samorost-3
Niche - a genetics survival game,2016-09-15,"Linux, PC, macOS",Played,PC,2020-02-03 22:05:44,2020-02-03 22:21:03,,,,https://rawg.io/games/niche-a-genetics-survival-game
NARUTO SHIPPUDEN: Ultimate Ninja STORM 4,2016-02-04,"PC, PlayStation 4, Xbox One",Played,PC,2020-02-03 22:05:44,2020-02-03 22:21:11,,,,https://rawg.io/games/naruto-shippuden-ultimate-ninja-storm-4
GabeN: The Final Decision,2015-09-21,PC,Not played,PC,2020-02-03 22:05:44,2020-02-03 22:22:39,,,,https://rawg.io/games/gaben-the-final-decision
Race The Sun,2013-08-17,"iOS, Linux, macOS, PC, PS Vita, PlayStation 4, PlayStation 3, Wii U, Web, Xbox One",Played,PC,2020-02-03 22:05:44,2020-02-03 22:37:41,,,,https://rawg.io/games/race-the-sun
Dark Souls III,2016-04-11,"PC, Xbox One, PlayStation 4",Completed,PC,2020-02-03 22:05:43,2020-02-03 22:08:24,,,,https://rawg.io/games/dark-souls-iii
The Witcher 3: Wild Hunt,2015-05-18,"PC, Xbox One, Nintendo Switch, PlayStation 4",Completed,PC,2020-02-03 22:05:43,2020-02-03 22:08:45,,,,https://rawg.io/games/the-witcher-3-wild-hunt
Pixel Dungeon,2015-05-29,"macOS, Android, Linux, PC, iOS",Played,PC,2020-02-03 22:05:43,2020-02-03 22:08:40,,,,https://rawg.io/games/pixel-dungeon
Pixel Puzzles 2: Anime,2015-03-27,PC,Played,PC,2020-02-03 22:05:43,2020-02-03 22:08:49,,,,https://rawg.io/games/pixel-puzzles-2-anime
AdVenture Capitalist,2015-02-19,"iOS, Linux, Android, PC, macOS, PlayStation 4",Played,PC,2020-02-03 22:05:43,2020-02-03 22:26:34,skip,,2020-02-03 23:13:30,https://rawg.io/games/adventure-capitalist
The Binding of Isaac: Rebirth,2014-11-04,"PC, iOS, Nintendo 3DS, macOS, Linux, Wii U, PS Vita, Nintendo Switch, Xbox One, PlayStation 4",Played,PC,2020-02-03 22:05:43,2020-02-03 22:09:03,,,,https://rawg.io/games/the-binding-of-isaac-rebirth
Dark Souls II: Scholar of the First Sin,2015-04-01,"PC, Xbox One, PlayStation 4",Played,PC,2020-02-03 22:05:43,2020-02-03 22:08:43,,,,https://rawg.io/games/dark-souls-ii-scholar-of-the-first-sin
Caves of Qud,2015-07-15,"macOS, PC, Linux",Currently playing,PC,2020-02-03 22:05:43,2020-02-03 22:22:50,,,,https://rawg.io/games/caves-of-qud
Endless Legend,2014-09-18,"macOS, PC",Completed,PC,2020-02-03 22:05:43,2020-02-03 23:14:08,recommended,,2020-02-03 23:21:31,https://rawg.io/games/endless-legend
PAYDAY The Heist,2011-10-18,"PC, PlayStation 3",Played,PC,2020-02-03 22:05:43,2020-02-03 22:44:21,,,,https://rawg.io/games/payday-the-heist
Lara Croft and the Temple of Osiris,2014-12-08,"PC, Xbox One, PlayStation 4",Played,PC,2020-02-03 22:05:43,2020-02-03 22:31:00,meh,,2020-02-03 23:29:22,https://rawg.io/games/lara-croft-and-the-temple-of-osiris
LEGO Batman 3: Beyond Gotham,2014-11-11,"Android, macOS, PC, iOS, Xbox One, Wii U, PS Vita, PlayStation 3, PlayStation 4, Nintendo 3DS",Played,PC,2020-02-03 22:05:43,2020-02-03 22:09:05,,,,https://rawg.io/games/lego-batman-3-beyond-gotham
WAKFU,2014-09-18,"Linux, macOS, PC",Played,PC,2020-02-03 22:05:42,2020-02-03 22:09:09,,,,https://rawg.io/games/wakfu
Metal Slug X,1999-02-28,"iOS, Android, PC, Wii, PlayStation 3, PSP, PS Vita",Completed,PC,2020-02-03 22:05:42,2020-02-03 22:38:03,,,,https://rawg.io/games/metal-slug-x
Borealis,2014-09-02,PC,Played,PC,2020-02-03 22:05:42,2020-02-03 22:31:29,,,,https://rawg.io/games/borealis
Shattered Planet,2014-07-03,"macOS, PC",Played,PC,2020-02-03 22:05:42,2020-02-03 22:09:26,meh,,2020-02-03 23:29:14,https://rawg.io/games/shattered-planet
Unturned,2014-07-07,"Linux, PC, macOS",Played,PC,2020-02-03 22:05:42,2020-02-03 22:09:28,,,,https://rawg.io/games/unturned
Shadowrun: Dragonfall - Director's Cut,2014-09-17,"Linux, PC, macOS, iOS",Played,PC,2020-02-03 22:05:42,2020-02-03 22:09:20,,,,https://rawg.io/games/shadowrun-dragonfall-directors-cut
Tabletop Simulator,2015-06-05,"macOS, PC, Linux",Played,PC,2020-02-03 22:05:42,2020-02-03 22:23:09,,,,https://rawg.io/games/tabletop-simulator
Card Hunter,2015-07-13,"PC, macOS",Played,PC,2020-02-03 22:05:42,2020-02-03 22:23:37,,,,https://rawg.io/games/card-hunter
QuestRun,2014-04-18,"macOS, PC, iOS, Android",Played,PC,2020-02-03 22:05:42,2020-02-03 22:33:45,,,,https://rawg.io/games/questrun
Pixel Puzzles: Japan,2014-04-17,PC,Played,PC,2020-02-03 22:05:42,2020-02-03 22:34:51,,,,https://rawg.io/games/pixel-puzzles-japan
Sanitarium,1998-05-10,"iOS, Android, PC",Currently playing,PC,2020-02-03 22:05:42,2020-02-03 22:43:56,,,,https://rawg.io/games/sanitarium
Spoiler Alert,2014-01-10,"iOS, Android, PC, macOS, Nintendo Switch, Linux",Played,PC,2020-02-03 22:05:42,2020-02-03 22:34:54,,,,https://rawg.io/games/spoiler-alert
Starbound,2016-07-21,"Linux, PC, macOS",Played,PC,2020-02-03 22:05:41,2020-02-03 22:17:57,,,,https://rawg.io/games/starbound
Blockstorm,2015-05-21,"Linux, PC, macOS",Played,PC,2020-02-03 22:05:41,2020-02-03 22:30:56,,,,https://rawg.io/games/blockstorm
Scribblenauts Unmasked: A DC Comics Adventure,2013-09-24,"PC, Wii U, Nintendo 3DS",Completed,PC,2020-02-03 22:05:41,2020-02-03 22:35:03,,,,https://rawg.io/games/scribblenauts-unmasked-a-dc-comics-adventure
Skullgirls,2012-02-14,"PC, iOS, Xbox 360, Nintendo Switch, Linux, macOS, PS Vita, PlayStation 4, PlayStation 3, Xbox One",Completed,PC,2020-02-03 22:05:41,2020-02-03 23:14:39,,,,https://rawg.io/games/skullgirls
Angry Video Game Nerd Adventures,2013-09-20,"PC, Wii U, Nintendo 3DS",Played,PC,2020-02-03 22:05:41,2020-02-03 22:35:06,,,,https://rawg.io/games/angry-video-game-nerd-adventures
Unepic,2011-09-29,"Linux, macOS, PC, Wii U, Xbox One, PlayStation 4, PS Vita, Nintendo Switch",Played,PC,2020-02-03 22:05:41,2020-02-03 22:37:48,,,,https://rawg.io/games/unepic
Realm of the Mad God,2012-02-20,"PC, macOS, Web",Played,PC,2020-02-03 22:05:41,2020-02-03 22:44:18,,,,https://rawg.io/games/realm-of-the-mad-god
LEGO The Lord of the Rings,2012-09-28,"PC, Android, iOS, PS Vita, Wii, Nintendo DS, PlayStation 3, Nintendo 3DS, Xbox 360",Played,PC,2020-02-03 22:05:40,2020-02-03 22:37:43,,,,https://rawg.io/games/lego-lord-of-the-rings
Pid,2012-09-05,"macOS, PC, Xbox 360, PlayStation 3",Played,PC,2020-02-03 22:05:40,2020-02-03 22:39:38,,,,https://rawg.io/games/pid
Dishonored,2012-09-25,"PC, Xbox 360, Xbox One, PlayStation 3, PlayStation 4",Played,PC,2020-02-03 22:05:40,2020-02-03 22:18:36,,,,https://rawg.io/games/dishonored
The Binding of Isaac,2011-09-28,"PC, macOS",Completed,PC,2020-02-03 22:05:40,2020-02-03 23:14:42,recommended,,2020-02-03 23:21:26,https://rawg.io/games/the-binding-of-isaac
Darksiders II,2012-08-14,"PC, Xbox 360, PlayStation 3",Played,PC,2020-02-03 22:05:40,2020-02-03 22:40:09,,,,https://rawg.io/games/darksiders-ii
Alan Wake,2010-05-14,"PC, Xbox 360",Played,PC,2020-02-03 22:05:40,2020-02-03 22:41:37,,,,https://rawg.io/games/alan-wake
Fallout: New Vegas,2010-10-19,"PlayStation 3, PC, Xbox 360",Played,PC,2020-02-03 22:05:40,2020-02-03 22:40:38,,,,https://rawg.io/games/fallout-new-vegas
The Elder Scrolls V: Skyrim,2011-11-11,"PC, PlayStation 3, Xbox 360, Nintendo Switch",Completed,"PC, PlayStation 3",2020-02-03 22:05:40,2020-02-03 22:15:06,exceptional,,2020-02-03 23:20:55,https://rawg.io/games/the-elder-scrolls-v-skyrim
Bastion,2011-07-20,"PC, iOS, Xbox One, macOS, Xbox 360, Nintendo Switch, PS Vita, PlayStation 4",Played,PC,2020-02-03 22:05:40,2020-02-03 22:18:30,meh,,2020-02-03 23:24:55,https://rawg.io/games/bastion
Terraria,2011-05-15,"Android, Nintendo Switch, Linux, macOS, iOS, Xbox 360, PS Vita, PlayStation 4, Xbox One, Wii U, Nintendo 3DS, PlayStation 3, PC",Played,PC,2020-02-03 22:05:40,2020-02-03 22:11:11,,,,https://rawg.io/games/terraria
Portal 2,2011-04-19,"PlayStation 3, PC, Xbox 360, Linux, macOS",Played,PC,2020-02-03 22:05:40,2020-02-03 22:41:51,,,,https://rawg.io/games/portal-2
Darksiders,2010-01-27,"PC, Xbox 360, PlayStation 3",Played,PC,2020-02-03 22:05:40,2020-02-03 22:40:41,,,,https://rawg.io/games/darksiders
Portal,2007-10-09,"Android, macOS, PC, Linux, PlayStation 3, Xbox 360",Completed,PC,2020-02-03 22:05:40,2020-02-03 22:46:13,,,,https://rawg.io/games/portal
Garry's Mod,2004-12-24,"Linux, macOS, PC",Played,PC,2020-02-03 22:05:40,2020-02-03 22:45:52,,,,https://rawg.io/games/garrys-mod
Open Season,2006-09-18,"PC, Xbox, GameCube, Game Boy Advance, PlayStation 2, Xbox 360, Nintendo DS, Wii",Completed,,2020-02-03 23:30:10,2020-02-03 23:30:12,,,,https://rawg.io/games/open-season
The Legend of Zelda: Spirit Tracks,2009-12-07,"Wii U, Nintendo DS",Played,,2020-02-03 23:29:47,2020-02-03 23:29:49,,,,https://rawg.io/games/the-legend-of-zelda-spirit-tracks
Fallout Shelter,2015-06-15,"iOS, Android, Xbox One, Nintendo Switch, PC, PlayStation 4",Played,,2020-02-03 23:25:13,2020-02-03 23:25:14,,,,https://rawg.io/games/fallout-shelter
The Legend of Zelda: Link's Awakening (2019),2019-09-20,Nintendo Switch,Currently playing,Nintendo Switch,2020-02-03 23:23:59,2020-02-03 23:24:00,,,,https://rawg.io/games/the-legend-of-zelda-links-awakening
Blockland,2013-12-16,"PC, macOS",Played,,2020-02-03 23:19:13,2020-02-03 23:19:17,recommended,,2020-02-03 23:21:12,https://rawg.io/games/blockland
Kirby: Star Allies,2018-03-16,Nintendo Switch,Completed,Nintendo Switch,2020-02-03 23:17:24,2020-02-03 23:17:27,meh,,2020-02-03 23:21:14,https://rawg.io/games/kirby-star-allies
Mario Kart 8 Deluxe,2017-04-27,Nintendo Switch,Completed,Nintendo Switch,2020-02-03 23:17:03,2020-02-03 23:17:05,recommended,,2020-02-03 23:21:16,https://rawg.io/games/mario-kart-8-deluxe
New Super Mario Bros.,2006-05-15,"Wii U, Nintendo DS",Completed,,2020-02-03 23:16:43,2020-02-03 23:16:45,recommended,,2020-02-03 23:21:17,https://rawg.io/games/new-super-mario-bros
Super Mario 64 DS,2004-11-21,"Nintendo DS, Wii U",Played,,2020-02-03 23:16:34,2020-02-03 23:16:35,recommended,,2020-02-03 23:21:19,https://rawg.io/games/super-mario-64-ds
Super Smash Bros.,2014-09-13,"Nintendo 3DS, Wii U",Completed,,2020-02-03 23:15:56,2020-02-03 23:15:58,recommended,,2020-02-03 23:21:20,https://rawg.io/games/super-smash-bros
Super Smash Bros. Ultimate,2018-12-07,Nintendo Switch,Played,Nintendo Switch,2020-02-03 23:15:49,2020-02-03 23:15:51,recommended,,2020-02-03 23:21:21,https://rawg.io/games/super-smash-bros-ultimate
Two Point Hospital,2018-08-30,"iOS, PC, Nintendo Switch, Xbox One, PlayStation 4",Played,PC,2020-02-03 22:05:45,2020-02-03 23:15:17,,,,https://rawg.io/games/two-point-hospital
Sid Meier's Civilization V,2010-09-21,"Linux, macOS, PC",Completed,,2020-02-03 22:11:17,2020-02-03 23:14:47,recommended,,2020-02-03 23:21:25,https://rawg.io/games/civilization-v
Fire Emblem Awakening,2012-04-12,Nintendo 3DS,Played,Nintendo 3DS,2020-02-03 23:12:37,2020-02-03 23:12:40,recommended,,2020-02-03 23:21:33,https://rawg.io/games/fire-emblem-awakening
MySims Kingdom,2008-10-28,"Wii, Nintendo DS",Completed,,2020-02-03 23:12:22,2020-02-03 23:12:24,recommended,,2020-02-03 23:21:35,https://rawg.io/games/mysims-kingdom
LEGO Indiana Jones 2: The Adventure Continues,2009-11-17,"macOS, PC, Nintendo DS, PlayStation 3, Wii, Xbox 360",Completed,,2020-02-03 23:02:01,2020-02-03 23:02:04,,,,https://rawg.io/games/lego-indiana-jones-2
LEGO Harry Potter: Years 1-4,2010-06-03,"PC, Android, macOS, Nintendo DS, Wii, PSP, PS Vita, Xbox 360",Played,,2020-02-03 23:01:57,2020-02-03 23:01:59,,,,https://rawg.io/games/lego-harry-potter
LEGO Star Wars: The Force Awakens,2016-06-27,"macOS, iOS, Android, PC, Xbox One, Nintendo 3DS, Wii U, PlayStation 3, PlayStation 4, PS Vita, Xbox 360",Played,,2020-02-03 23:01:50,2020-02-03 23:01:52,,,,https://rawg.io/games/lego-star-wars-tfa
LEGO Batman,2008-09-23,"PSP, Wii, macOS, Nintendo DS, PlayStation 3, PC, Xbox 360",Completed,,2020-02-03 23:01:38,2020-02-03 23:01:40,,,,https://rawg.io/games/lego-batman
osu!,2007-09-16,"Android, macOS, PC, iOS",Played,,2020-02-03 23:01:28,2020-02-03 23:01:29,,,,https://rawg.io/games/osu
Ratchet and Clank: Size Matters,2009-04-23,PSP,Completed,PSP,2020-02-03 23:00:59,2020-02-03 23:01:01,,,,https://rawg.io/games/ratchet-and-clank-size-matters
Daxter,2006-03-14,PSP,Completed,PSP,2020-02-03 23:00:31,2020-02-03 23:00:33,recommended,,2020-02-03 23:21:43,https://rawg.io/games/daxter
Planet Zoo,2019-11-05,PC,Wishlist,PC,2020-02-03 22:59:27,2020-02-03 22:59:27,,,,https://rawg.io/games/planet-zoo
Resident Evil 3,2020-04-03,"Xbox One, PlayStation 4, PC",Wishlist,,2020-02-03 22:59:24,2020-02-03 22:59:24,,,,https://rawg.io/games/resident-evil-3
Age of Empires II: Definitive Edition,2019-11-14,PC,Wishlist,PC,2020-02-03 22:59:22,2020-02-03 22:59:22,,,,https://rawg.io/games/age-of-empires-2-definitive-edition
"Pokémon Ultra Sun, Ultra Moon",2017-11-17,Nintendo 3DS,Currently playing,Nintendo 3DS,2020-02-03 22:16:23,2020-02-03 22:59:03,,,,https://rawg.io/games/pokemon-ultra-sun
Resident Evil 2,2019-01-25,"PC, PlayStation 4, Xbox One",Completed,,2020-02-03 22:58:28,2020-02-03 22:58:36,exceptional,,2020-02-03 22:58:40,https://rawg.io/games/resident-evil-2-2019
Resident Evil Revelations,2012-02-07,"Xbox One, Xbox 360, Nintendo 3DS, Wii U, PlayStation 3, Nintendo Switch, PC",Completed,,2020-02-03 22:58:12,2020-02-03 22:58:13,,,,https://rawg.io/games/resident-evil-revelations-biohazard-revelations
Professor Layton and the Last Specter,2011-10-17,Nintendo DS,Completed,Nintendo DS,2020-02-03 22:52:41,2020-02-03 22:52:42,recommended,,2020-02-03 23:21:47,https://rawg.io/games/professor-layton-and-the-last-specter
Professor Layton and the Miracle Mask,2012-10-28,Nintendo 3DS,Played,Nintendo 3DS,2020-02-03 22:52:04,2020-02-03 22:52:06,,,,https://rawg.io/games/professor-layton-and-the-miracle-mask
Hyper Fighters,2014-01-23,PC,Not played,PC,2020-02-03 22:05:41,2020-02-03 22:49:09,,,,https://rawg.io/games/hyper-fighters
Cognition: An Erica Reed Thriller,2013-01-30,"PC, macOS",Not played,PC,2020-02-03 22:05:41,2020-02-03 22:49:07,,,,https://rawg.io/games/cognition-an-erica-reed-thriller
Spec Ops: The Line,2012-06-26,"PC, PlayStation 3, Xbox 360",Not played,PC,2020-02-03 22:05:40,2020-02-03 22:49:06,,,,https://rawg.io/games/spec-ops-the-line
Warlock - Master of the Arcane,2012-05-08,PC,Played,PC,2020-02-03 22:05:40,2020-02-03 22:48:56,,,,https://rawg.io/games/warlock-master-of-the-arcane
Commando Jack,2012-08-02,"macOS, PC, iOS",Not played,PC,2020-02-03 22:05:42,2020-02-03 22:48:48,,,,https://rawg.io/games/commando-jack
EVE Online,2010-12-15,"PC, macOS, Linux",Not played,PC,2020-02-03 22:05:44,2020-02-03 22:48:44,,,,https://rawg.io/games/eve-online
League of Legends,2009-10-27,"macOS, PC",Played,,2020-02-03 22:48:25,2020-02-03 22:48:37,skip,,2020-02-03 23:21:52,https://rawg.io/games/league-of-legends
Minecraft,2009-05-10,"Android, iOS, PS Vita, Xbox 360, Wii U, PlayStation 4, Nintendo Switch, macOS, PC, Xbox One, PlayStation 3, Linux, Nintendo 3DS",Played,,2020-02-03 22:48:14,2020-02-03 22:48:16,recommended,,2020-02-03 23:21:55,https://rawg.io/games/minecraft
Amnesia: The Dark Descent,2010-09-07,"PC, Linux, macOS",Not played,PC,2020-02-03 22:05:44,2020-02-03 22:48:00,,,,https://rawg.io/games/amnesia-the-dark-descent
Sports Champions,2010-09-07,PlayStation 3,Played,PlayStation 3,2020-02-03 22:06:11,2020-02-03 22:47:58,meh,,2020-02-03 23:21:02,https://rawg.io/games/sports-champions
Outland,2011-04-26,"Linux, PC, macOS, Xbox 360, PlayStation 3",Not played,PC,2020-02-03 22:05:45,2020-02-03 22:47:54,,,,https://rawg.io/games/outland
Brothers in Arms: Hell's Highway,2008-09-23,"PC, Xbox 360, PlayStation 3",Not played,Xbox 360,2020-02-03 22:06:26,2020-02-03 22:47:51,,,,https://rawg.io/games/brothers-in-arms-hh
Saints Row 2,2008-10-14,"Linux, PC, PlayStation 3, Xbox 360",Not played,PC,2020-02-03 22:05:45,2020-02-03 22:47:26,,,,https://rawg.io/games/saints-row-2
Killing Floor,2009-05-14,"Linux, PC, macOS",Not played,PC,2020-02-03 22:05:40,2020-02-03 22:47:24,,,,https://rawg.io/games/killing-floor
iBomber Defense Pacific,2012-03-01,"PC, macOS, iOS, Linux",Not played,PC,2020-02-03 22:05:40,2020-02-03 22:47:18,,,,https://rawg.io/games/ibomber-defense-pacific
Dungeon Siege 3,2011-05-31,"PC, PlayStation 3, Xbox 360",Played,PC,2020-02-03 22:05:40,2020-02-03 22:47:16,,,,https://rawg.io/games/dungeon-siege-3
"Warhammer 40,000: Space Marine",2011-09-05,"PC, Xbox 360, PlayStation 3",Not played,PC,2020-02-03 22:05:40,2020-02-03 22:47:13,,,,https://rawg.io/games/warhammer-40000-space-marine
EverQuest II Free-To-Play. Your Way.,2011-12-07,PC,Played,PC,2020-02-03 22:05:41,2020-02-03 22:47:11,,,,https://rawg.io/games/everquest-ii-free-to-play-your-way
The Darkness II,2012-02-07,"PC, macOS, Xbox 360, PlayStation 3",Not played,PC,2020-02-03 22:05:40,2020-02-03 22:47:09,,,,https://rawg.io/games/the-darkness-ii
Deus Ex: Human Revolution,2011-08-22,"Xbox 360, PlayStation 3, Xbox One, PC, macOS",Played,PC,2020-02-03 22:05:40,2020-02-03 22:46:50,,,,https://rawg.io/games/deus-ex-human-revolution
Endless Space - Emperor Edition,2012-07-04,"PC, macOS",Not played,PC,2020-02-03 22:05:44,2020-02-03 22:46:46,,,,https://rawg.io/games/endless-space-emperor-edition
Race Driver: Grid,2008-06-03,"PC, Xbox One, PlayStation 3, Xbox 360, Nintendo DS",Not played,PC,2020-02-03 22:05:40,2020-02-03 22:46:38,,,,https://rawg.io/games/grid
TrackMania Nations Forever,2008-04-16,PC,Played,PC,2020-02-03 22:05:40,2020-02-03 22:46:29,,,,https://rawg.io/games/trackmania-nations-forever
The Ship: Murder Party,2006-07-11,PC,Not played,PC,2020-02-03 22:05:40,2020-02-03 22:46:19,,,,https://rawg.io/games/the-ship-murder-party
Psychonauts,2005-04-01,"iOS, Linux, macOS, PC, Xbox, PlayStation 4, PlayStation 2, Xbox 360, PlayStation 3, Xbox One",Not played,PC,2020-02-03 22:05:40,2020-02-03 22:46:09,,,,https://rawg.io/games/psychonauts
Gothic 3,2006-10-12,PC,Not played,PC,2020-02-03 22:05:40,2020-02-03 22:46:07,,,,https://rawg.io/games/gothic-3
The Ship: Single Player,2006-11-20,PC,Played,PC,2020-02-03 22:05:40,2020-02-03 22:46:05,,,,https://rawg.io/games/the-ship-single-player
Sid Meier's Civilization III Complete,2001-10-29,PC,Played,PC,2020-02-03 22:05:41,2020-02-03 22:46:02,,,,https://rawg.io/games/sid-meiers-civilization-iii-complete
Enclave,2002-07-18,"PC, macOS, Linux",Played,PC,2020-02-03 22:05:41,2020-02-03 22:45:57,,,,https://rawg.io/games/enclave
Half-Life: Source,2004-06-01,"Linux, PC, macOS",Not played,PC,2020-02-03 22:05:45,2020-02-03 22:45:55,,,,https://rawg.io/games/half-life-source
Oddworld: Abe's Oddysee,1997-08-31,"PC, PlayStation, Android, Game Boy, PSP, PS Vita, PlayStation 3",Not played,PC,2020-02-03 22:05:45,2020-02-03 22:45:50,,,,https://rawg.io/games/oddworld-abes-oddysee
Gothic,2001-03-15,PC,Not played,PC,2020-02-03 22:05:40,2020-02-03 22:45:48,,,,https://rawg.io/games/gothic-1
Half-Life: Opposing Force,1999-11-01,"PC, macOS, Linux",Not played,PC,2020-02-03 22:05:45,2020-02-03 22:45:46,,,,https://rawg.io/games/half-life-opposing-force
Half-Life: Blue Shift,2001-06-01,"Linux, PC, macOS, Dreamcast",Not played,PC,2020-02-03 22:05:45,2020-02-03 22:45:43,,,,https://rawg.io/games/half-life-blue-shift
Half-Life 2,2004-11-16,"Android, Linux, Xbox, macOS, PC, Xbox 360",Not played,PC,2020-02-03 22:05:45,2020-02-03 22:44:39,,,,https://rawg.io/games/half-life-2
The Elder Scrolls IV: Oblivion,2006-03-20,"PC, PlayStation 3, Xbox 360",Played,Xbox 360,2020-02-03 22:06:26,2020-02-03 22:44:36,,,,https://rawg.io/games/the-elder-scrolls-iv-oblivion
Grimm,2011-01-04,"PC, iOS",Not played,PC,2020-02-03 22:05:41,2020-02-03 22:44:24,,,,https://rawg.io/games/grimm
Galactic Civilizations I: Ultimate Edition,2012-08-14,PC,Not played,PC,2020-02-03 22:05:40,2020-02-03 22:44:15,,,,https://rawg.io/games/galactic-civilizations-i-ultimate-edition
Cubetractor,2013-05-29,"PC, macOS",Not played,PC,2020-02-03 22:05:41,2020-02-03 22:44:11,,,,https://rawg.io/games/cubetractor
Chronology,2014-05-11,PC,Not played,PC,2020-02-03 22:05:42,2020-02-03 22:44:07,,,,https://rawg.io/games/chronology
Half-Life,1998-11-10,"PC, Linux, macOS, PlayStation 2",Not played,PC,2020-02-03 22:05:45,2020-02-03 22:43:54,,,,https://rawg.io/games/half-life
Litil Divil,1993-01-01,"PC, macOS, Linux, Commodore / Amiga, Classic Macintosh",Played,PC,2020-02-03 22:05:42,2020-02-03 22:43:51,,,,https://rawg.io/games/litil-divil
Cyberia,1993-12-31,"PC, macOS, Linux, Classic Macintosh, SEGA Saturn, PlayStation, 3DO",Played,PC,2020-02-03 22:05:45,2020-02-03 22:43:32,recommended,,2020-02-03 23:15:07,https://rawg.io/games/cyberia
The Lord of the Rings Online,2012-06-06,"PC, macOS",Played,PC,2020-02-03 22:05:41,2020-02-03 22:40:16,,,,https://rawg.io/games/the-lord-of-the-rings-online
Dungeons & Dragons Online,2012-06-25,"PC, macOS",Played,PC,2020-02-03 22:05:41,2020-02-03 22:40:13,,,,https://rawg.io/games/dungeons-dragons-online
Yelaxot,2015-01-19,PC,Not played,PC,2020-02-03 22:05:43,2020-02-03 22:40:05,,,,https://rawg.io/games/yelaxot
Besiege,2015-01-28,"macOS, Linux, PC",Played,PC,2020-02-03 22:05:43,2020-02-03 22:40:03,,,,https://rawg.io/games/besiege
Overture,2015-02-02,PC,Not played,PC,2020-02-03 22:05:43,2020-02-03 22:40:01,,,,https://rawg.io/games/overture
Grimoire: Manastorm,2015-02-04,PC,Not played,PC,2020-02-03 22:05:43,2020-02-03 22:39:59,,,,https://rawg.io/games/grimoire-manastorm
Continent of the Ninth Seal,2012-09-13,PC,Played,PC,2020-02-03 22:05:41,2020-02-03 22:39:35,,,,https://rawg.io/games/continent-of-the-ninth-seal
ROSE Online,2012-10-23,PC,Not played,PC,2020-02-03 22:05:41,2020-02-03 22:39:32,,,,https://rawg.io/games/rose-online
Cortex Command,2012-09-28,"macOS, PC",Not played,PC,2020-02-03 22:05:45,2020-02-03 22:39:30,,,,https://rawg.io/games/cortex-command
Chivalry: Medieval Warfare,2012-10-16,"PC, Linux, macOS, PlayStation 4, PlayStation 3, Xbox 360, Xbox One",Not played,PC,2020-02-03 22:05:44,2020-02-03 22:39:25,,,,https://rawg.io/games/chivalry-medieval-warfare
Bridge Constructor Playground,2012-12-20,"iOS, Android, Linux, macOS, PC, Wii U",Not played,PC,2020-02-03 22:05:42,2020-02-03 22:39:16,,,,https://rawg.io/games/bridge-constructor-playground
Epigenesis,2013-11-01,PC,Not played,PC,2020-02-03 22:05:41,2020-02-03 22:39:11,,,,https://rawg.io/games/epigenesis
Knights and Merchants,2013-02-01,"macOS, Linux, PC",Not played,PC,2020-02-03 22:05:41,2020-02-03 22:39:05,,,,https://rawg.io/games/knights-and-merchants
Tomb Raider (2013),2013-03-05,"PC, PlayStation 3, Xbox 360, PlayStation 4, Xbox One, macOS",Completed,PlayStation 4,2020-02-03 22:06:11,2020-02-03 22:39:03,recommended,,2020-02-03 23:20:59,https://rawg.io/games/tomb-raider
POSTAL,2013-03-21,"PC, Linux, macOS",Not played,PC,2020-02-03 22:05:45,2020-02-03 22:39:01,,,,https://rawg.io/games/postal
Draw Slasher,2013-04-23,"PC, macOS, Linux, iOS, PS Vita",Not played,PC,2020-02-03 22:05:45,2020-02-03 22:38:59,,,,https://rawg.io/games/draw-slasher
The 39 Steps,2013-04-25,"macOS, PC, Linux",Not played,PC,2020-02-03 22:05:41,2020-02-03 22:38:54,,,,https://rawg.io/games/the-39-steps
Fuse,2013-05-28,"PC, macOS, PlayStation 3, Xbox 360",Played,PC,2020-02-03 22:05:43,2020-02-03 22:38:52,,,,https://rawg.io/games/fuse
Viscera Cleanup Detail: Shadow Warrior,2013-09-26,"PC, macOS",Not played,PC,2020-02-03 22:05:41,2020-02-03 22:38:48,,,,https://rawg.io/games/viscera-cleanup-detail-shadow-warrior
Marvel Heroes,2013-06-03,"macOS, PC, Xbox One, PlayStation 4",Not played,PC,2020-02-03 22:05:41,2020-02-03 22:38:46,,,,https://rawg.io/games/marvel-heroes-omega
Neverwinter,2013-06-20,"PC, Xbox One, PlayStation 4",Not played,PC,2020-02-03 22:05:40,2020-02-03 22:38:40,,,,https://rawg.io/games/neverwinter
Dota 2,2013-07-09,"Linux, PC, macOS",Played,PC,2020-02-03 22:05:45,2020-02-03 22:38:38,,,,https://rawg.io/games/dota-2
Outlast,2013-09-03,"Linux, PC, macOS, Nintendo Switch, Xbox One, PlayStation 4",Not played,PC,2020-02-03 22:05:43,2020-02-03 22:38:35,,,,https://rawg.io/games/outlast
Megabyte Punch,2013-08-05,"Linux, PC, macOS",Not played,PC,2020-02-03 22:05:41,2020-02-03 22:38:32,,,,https://rawg.io/games/megabyte-punch
The Bureau: XCOM Declassified,2013-08-20,"PC, macOS, PlayStation 3, Xbox 360",Not played,PC,2020-02-03 22:05:41,2020-02-03 22:38:29,,,,https://rawg.io/games/the-bureau-xcom-declassified
Amnesia: A Machine for Pigs,2013-09-09,"Linux, PC, macOS",Not played,PC,2020-02-03 22:05:45,2020-02-03 22:38:25,,,,https://rawg.io/games/amnesia-a-machine-for-pigs
Dead Bits,2014-06-07,"PC, macOS",Played,PC,2020-02-03 22:05:42,2020-02-03 22:38:20,,,,https://rawg.io/games/dead-bits
LEGO Star Wars - The Complete Saga,2007-11-06,"Android, macOS, PC, iOS, PlayStation 3, Nintendo DS, Xbox 360, Wii, Xbox One",Played,PC,2020-02-03 22:05:40,2020-02-03 22:37:59,,,,https://rawg.io/games/lego-star-wars-tcs
Call of Duty: World at War,2008-11-05,"PC, Xbox 360, PlayStation 3, Nintendo DS, Wii",Not played,Xbox 360,2020-02-03 22:06:26,2020-02-03 22:37:56,,,,https://rawg.io/games/call-of-duty-world-at-war
Super Crate Box,2012-01-05,"iOS, PC, macOS, Nintendo Switch, Linux",Played,PC,2020-02-03 22:05:41,2020-02-03 22:37:46,,,,https://rawg.io/games/super-crate-box
Hollow Knight,2017-02-23,"macOS, Linux, PC, Xbox One, PlayStation 4, Nintendo Switch",Completed,,2020-02-03 22:36:34,2020-02-03 22:36:36,,,,https://rawg.io/games/hollow-knight
NieR:Automata,2017-03-17,"PC, Xbox One, PlayStation 4",Played,,2020-02-03 22:36:28,2020-02-03 22:36:30,,,,https://rawg.io/games/nierautomata
Cyberpunk 2077,2020-09-17,"PlayStation 4, Xbox One, PC",Wishlist,,2020-02-03 22:36:27,2020-02-03 22:36:27,,,,https://rawg.io/games/cyberpunk-2077
LittleBigPlanet 2,2011-01-18,PlayStation 3,Completed,PlayStation 3,2020-02-03 22:06:11,2020-02-03 22:35:19,exceptional,,2020-02-03 23:21:00,https://rawg.io/games/littlebigplanet-2
KnightShift,2013-09-27,"PC, macOS",Played,PC,2020-02-03 22:05:41,2020-02-03 22:34:59,,,,https://rawg.io/games/knightshift
Septerra Core,2013-09-27,"Linux, PC, macOS",Played,PC,2020-02-03 22:05:41,2020-02-03 22:34:57,,,,https://rawg.io/games/septerra-core
Nosferatu: The Wrath of Malachi,2014-03-06,PC,Not played,PC,2020-02-03 22:05:42,2020-02-03 22:34:50,,,,https://rawg.io/games/nosferatu-the-wrath-of-malachi
Humanity Asset,2014-02-20,PC,Not played,PC,2020-02-03 22:05:42,2020-02-03 22:34:48,,,,https://rawg.io/games/humanity-asset
Vanguard Princess,2014-03-03,"Linux, PC, macOS",Not played,PC,2020-02-03 22:05:41,2020-02-03 22:34:46,,,,https://rawg.io/games/vanguard-princess
Skyborn,2014-02-21,"Linux, PC, macOS",Not played,PC,2020-02-03 22:05:42,2020-02-03 22:34:44,,,,https://rawg.io/games/skyborn
Overcast - Walden and the Werewolf,2014-04-18,PC,Not played,PC,2020-02-03 22:05:42,2020-02-03 22:34:37,,,,https://rawg.io/games/overcast-walden-and-the-werewolf
Age of Wonders III,2014-03-31,"macOS, PC, Linux",Not played,PC,2020-02-03 22:05:45,2020-02-03 22:33:59,,,,https://rawg.io/games/age-of-wonders-iii
Dungeons 2,2015-04-23,"macOS, iOS, Linux, PC, PlayStation 4",Not played,PC,2020-02-03 22:05:41,2020-02-03 22:33:39,,,,https://rawg.io/games/dungeons-2
Dwarfs!?,2011-05-04,"Linux, PC, macOS",Played,,2020-02-03 22:33:26,2020-02-03 22:33:28,,,,https://rawg.io/games/dwarfs
Dwarf Fortress,2006-08-08,"PC, Linux, macOS",Played,,2020-02-03 22:33:05,2020-02-03 22:33:20,,,,https://rawg.io/games/dwarf-fortress
NetHack,1987-07-01,"PC, iOS",Played,,2020-02-03 22:32:56,2020-02-03 22:32:58,,,,https://rawg.io/games/nethack
DISGAEA 5: ALLIANCE OF VENGEANCE,2015-10-06,"Nintendo Switch, PC, PlayStation 4",Currently playing,,2020-02-03 22:32:14,2020-02-03 22:32:17,,,,https://rawg.io/games/disgaea-5-alliance-of-vengeance
The Culling Of The Cows,2014-05-09,PC,Not played,PC,2020-02-03 22:05:42,2020-02-03 22:31:59,,,,https://rawg.io/games/the-culling-of-the-cows
Brawlhalla,2014-04-30,"PC, macOS, Nintendo Switch, PlayStation 4, Xbox One",Played,PC,2020-02-03 22:05:42,2020-02-03 22:31:56,,,,https://rawg.io/games/brawlhalla
SUPER DISTRO,2015-07-22,PC,Not played,PC,2020-02-03 22:05:43,2020-02-03 22:31:53,,,,https://rawg.io/games/super-distro
Echo of Soul,2015-06-22,PC,Not played,PC,2020-02-03 22:05:42,2020-02-03 22:31:51,,,,https://rawg.io/games/echo-of-soul
Steel Rain,2015-12-03,"Linux, PC",Not played,PC,2020-02-03 22:05:44,2020-02-03 22:31:46,,,,https://rawg.io/games/steel-rain
Gunjitsu,2015-07-31,"PC, macOS",Not played,PC,2020-02-03 22:05:42,2020-02-03 22:31:45,,,,https://rawg.io/games/gunjitsu
Memories of a Vagabond,2014-07-07,PC,Not played,PC,2020-02-03 22:05:42,2020-02-03 22:31:39,,,,https://rawg.io/games/memories-of-a-vagabond
Aura Kingdom,2014-07-24,"PC, iOS",Played,PC,2020-02-03 22:05:42,2020-02-03 22:31:36,,,,https://rawg.io/games/aura-kingdom
Space Hack,2014-08-05,PC,Played,PC,2020-02-03 22:05:43,2020-02-03 22:31:31,,,,https://rawg.io/games/space-hack
Dungeon Defenders II,2014-12-05,"PC, PlayStation 4, Xbox One",Not played,PC,2020-02-03 22:05:44,2020-02-03 22:31:25,,,,https://rawg.io/games/dungeon-defenders-ii
NARUTO STORM R,2014-09-16,Xbox 360,Played,,2020-02-03 22:06:11,2020-02-03 22:31:15,meh,,2020-02-03 23:20:57,https://rawg.io/games/naruto-storm-r
Black Desert Online,2014-12-01,"PC, PlayStation 4, Xbox One",Played,PC,2020-02-03 22:05:44,2020-02-03 22:31:04,meh,,2020-02-03 23:29:20,https://rawg.io/games/black-desert-online
"I Have No Mouth, and I Must Scream",1995-10-30,"Linux, macOS, iOS, PC, Android",Currently playing,PC,2020-02-03 22:05:41,2020-02-03 22:27:05,,,,https://rawg.io/games/i-have-no-mouth-and-i-must-scream-2
Resident Evil HD Remaster,2015-01-19,"Nintendo Switch, Xbox 360, Xbox One, PlayStation 4, PC, PlayStation 3",Played,PC,2020-02-03 22:05:45,2020-02-03 22:26:49,,,,https://rawg.io/games/resident-evil-hd-remaster
Voxelized,2015-03-19,PC,Not played,PC,2020-02-03 22:05:43,2020-02-03 22:26:46,,,,https://rawg.io/games/voxelized
ArcheAge,2015-03-26,PC,Played,PC,2020-02-03 22:05:42,2020-02-03 22:26:43,,,,https://rawg.io/games/archeage
Boring Man - Online Tactical Stickman Combat,2015-02-20,PC,Not played,PC,2020-02-03 22:05:43,2020-02-03 22:26:31,,,,https://rawg.io/games/boring-man-online-tactical-stickman-combat
Invisible Apartment,2015-03-02,"Linux, PC, macOS",Not played,PC,2020-02-03 22:05:43,2020-02-03 22:26:28,,,,https://rawg.io/games/invisible-apartment
Indie Game Battle,2015-10-29,PC,Not played,PC,2020-02-03 22:05:44,2020-02-03 22:23:56,,,,https://rawg.io/games/indie-game-battle
ChargeShot,2015-09-18,PC,Not played,PC,2020-02-03 22:05:44,2020-02-03 22:23:53,,,,https://rawg.io/games/chargeshot
Burgers,2015-09-03,PC,Not played,PC,2020-02-03 22:05:43,2020-02-03 22:23:51,,,,https://rawg.io/games/burgers
Stories: The Path of Destinies,2016-04-11,"PC, Xbox One, PlayStation 4",Not played,PC,2020-02-03 22:05:45,2020-02-03 22:23:42,,,,https://rawg.io/games/stories-the-path-of-destinies
Audition Online,2015-06-03,PC,Played,PC,2020-02-03 22:05:43,2020-02-03 22:23:33,,,,https://rawg.io/games/audition-online
F1 2015,2015-07-09,"Linux, PC, Xbox One, PlayStation 4",Not played,PC,2020-02-03 22:05:42,2020-02-03 22:23:30,,,,https://rawg.io/games/f1-2015
Magic Duels,2015-07-08,"PC, iOS, Xbox One",Played,PC,2020-02-03 22:05:43,2020-02-03 22:23:06,,,,https://rawg.io/games/magic-duels
Trove,2015-07-09,"PC, macOS, Xbox One, PlayStation 4",Played,PC,2020-02-03 22:05:42,2020-02-03 22:23:04,,,,https://rawg.io/games/trove
TeraBlaster,2015-07-10,"PC, macOS",Played,PC,2020-02-03 22:05:43,2020-02-03 22:23:00,,,,https://rawg.io/games/terablaster
RPG MO,2015-08-18,"Linux, PC, macOS",Played,PC,2020-02-03 22:05:43,2020-02-03 22:22:57,,,,https://rawg.io/games/rpg-mo
Kingdom: Classic,2015-09-21,"PC, macOS, Linux",Not played,PC,2020-02-03 22:05:45,2020-02-03 22:22:41,,,,https://rawg.io/games/kingdom-classic
Murderous Pursuits,2018-04-26,PC,Not played,PC,2020-02-03 22:05:45,2020-02-03 22:22:36,,,,https://rawg.io/games/murderous-pursuits
The Legend of Zelda: The Wind Waker,2002-12-13,GameCube,Played,GameCube,2020-02-03 22:22:26,2020-02-03 22:22:28,,,,https://rawg.io/games/the-legend-of-zelda-the-wind-waker
The Legend of Zelda: Breath of the Wild,2017-03-02,"Nintendo Switch, Wii U",Completed,,2020-02-03 22:22:15,2020-02-03 22:22:19,exceptional,,2020-02-03 22:28:01,https://rawg.io/games/the-legend-of-zelda-breath-of-the-wild
Wurm Unlimited,2015-10-21,"Linux, PC",Played,PC,2020-02-03 22:05:43,2020-02-03 22:21:50,,,,https://rawg.io/games/wurm-unlimited
Middle-earth: Shadow of War,2017-09-27,"PlayStation 4, PC, Xbox One",Not played,PC,2020-02-03 22:05:44,2020-02-03 22:21:40,,,,https://rawg.io/games/middle-earth-shadow-of-war
Darksiders Warmastered Edition,2016-11-29,"PC, Nintendo Switch, Wii U, PlayStation 4, Xbox One",Played,PC,2020-02-03 22:05:40,2020-02-03 22:21:37,,,,https://rawg.io/games/darksiders-warmastered-edition
H1Z1: King of the Kill,2016-02-17,PC,Played,PC,2020-02-03 22:05:44,2020-02-03 22:21:28,,,,https://rawg.io/games/h1z1-king-of-the-kill
Pixel Puzzles Ultimate,2016-09-09,PC,Played,PC,2020-02-03 22:05:42,2020-02-03 22:21:25,,,,https://rawg.io/games/pixel-puzzles-ultimate
Street Fighter V,2016-02-15,"PC, PlayStation 4",Not played,PC,2020-02-03 22:05:45,2020-02-03 22:21:21,,,,https://rawg.io/games/street-fighter-v
Emily is Away,2015-11-20,"macOS, PC, Linux",Completed,PC,2020-02-03 22:05:44,2020-02-03 22:21:19,,,,https://rawg.io/games/emily-is-away
Sven Co-op,2016-01-22,PC,Not played,PC,2020-02-03 22:05:42,2020-02-03 22:21:13,,,,https://rawg.io/games/sven-co-op
Cat Simulator,2016-02-12,"PC, Android",Not played,PC,2020-02-03 22:05:45,2020-02-03 22:21:06,,,,https://rawg.io/games/cat-simulator
Quake Champions,2017-08-22,PC,Not played,PC,2020-02-03 22:05:45,2020-02-03 22:21:01,,,,https://rawg.io/games/quake-champions
The Flame in the Flood,2016-02-23,"PC, macOS, Nintendo Switch, PlayStation 4, Xbox One",Played,PC,2020-02-03 22:05:43,2020-02-03 22:20:54,,,,https://rawg.io/games/the-flame-in-the-flood
CATS!,2016-06-24,PC,Not played,PC,2020-02-03 22:05:45,2020-02-03 22:20:47,,,,https://rawg.io/games/cats
Endorlight,2016-04-26,PC,Not played,PC,2020-02-03 22:05:44,2020-02-03 22:20:43,,,,https://rawg.io/games/endorlight
Bullet Life 2010,2016-05-18,PC,Not played,PC,2020-02-03 22:05:44,2020-02-03 22:20:41,,,,https://rawg.io/games/bullet-life-2010
Stardew Valley,2016-02-25,"Android, iOS, PS Vita, PlayStation 4, Linux, macOS, PC, Xbox One, Nintendo Switch",Played,,2020-02-03 22:18:40,2020-02-03 22:18:42,,,,https://rawg.io/games/stardew-valley
Path of Exile,2013-10-23,"PC, PlayStation 4, Xbox One",Not played,PC,2020-02-03 22:05:41,2020-02-03 22:18:33,,,,https://rawg.io/games/path-of-exile
MagiCat,2017-08-22,"macOS, PC, Nintendo Switch",Not played,PC,2020-02-03 22:05:45,2020-02-03 22:17:49,,,,https://rawg.io/games/magicat
Tabletopia,2016-11-30,"macOS, PC, iOS",Played,PC,2020-02-03 22:05:44,2020-02-03 22:17:22,,,,https://rawg.io/games/tabletopia
Yu-Gi-Oh! Duel Links,2017-01-11,"iOS, PC, Android",Played,PC,2020-02-03 22:05:44,2020-02-03 22:17:20,,,,https://rawg.io/games/yu-gi-oh-duel-links
Mages of Mystralia,2017-05-17,"PC, Xbox One, PlayStation 4, Nintendo Switch",Not played,PC,2020-02-03 22:05:44,2020-02-03 22:17:16,,,,https://rawg.io/games/mages-of-mystralia
La Tale,2017-11-28,PC,Not played,PC,2020-02-03 22:05:41,2020-02-03 22:17:13,,,,https://rawg.io/games/la-tale-2017
Equilinox,2018-11-23,"Linux, macOS, PC",Played,PC,2020-02-03 22:05:45,2020-02-03 22:17:07,,,,https://rawg.io/games/equilinox
Heaven Forest - VR MMO,2016-12-14,"macOS, Linux, PC",Not played,PC,2020-02-03 22:05:44,2020-02-03 22:17:02,,,,https://rawg.io/games/heaven-forest-vr-mmo
Resident Evil 7 / Biohazard 7 Teaser: Beginning Hour,2016-12-18,"PC, PlayStation 4, Xbox One",Played,PC,2020-02-03 22:05:44,2020-02-03 22:16:59,,,,https://rawg.io/games/resident-evil-7-biohazard-7-teaser-beginning-hour
Heavy Metal Machines,2017-01-31,PC,Not played,PC,2020-02-03 22:05:43,2020-02-03 22:16:57,,,,https://rawg.io/games/heavy-metal-machines
VRChat,2017-02-01,PC,Played,PC,2020-02-03 22:05:44,2020-02-03 22:16:53,,,,https://rawg.io/games/vrchat
McOsu,2017-03-20,"Linux, PC",Played,PC,2020-02-03 22:05:44,2020-02-03 22:16:50,,,,https://rawg.io/games/mcosu
"Pokémon HeartGold, SoulSilver",2010-03-14,Nintendo DS,Completed,Nintendo DS,2020-02-03 22:16:20,2020-02-03 22:16:21,exceptional,,2020-02-03 22:28:04,https://rawg.io/games/pokemon-heartgold-version
"Pokémon FireRed, LeafGreen",2004-01-29,Game Boy Advance,Played,Game Boy Advance,2020-02-03 22:16:16,2020-02-03 22:16:17,,,,https://rawg.io/games/pokemon-firered
"Pokémon X, Y",2013-10-12,Nintendo 3DS,Completed,Nintendo 3DS,2020-02-03 22:15:52,2020-02-03 22:16:14,recommended,,2020-02-03 22:16:05,https://rawg.io/games/pokemon-y
Bloodborne,2015-03-24,PlayStation 4,Played,PlayStation 4,2020-02-03 22:06:11,2020-02-03 22:15:15,recommended,,2020-02-03 23:20:53,https://rawg.io/games/bloodborne
HITMAN,2017-11-16,"Linux, macOS, PC, Xbox One, PlayStation 4",Played,PC,2020-02-03 22:05:45,2020-02-03 22:14:59,,,,https://rawg.io/games/hitman
Mirage: Arcane Warfare,2017-05-23,PC,Played,PC,2020-02-03 22:05:45,2020-02-03 22:14:54,,,,https://rawg.io/games/mirage-arcane-warfare
This Book Is A Dungeon,2015-10-09,PC,Played,PC,2020-02-03 22:05:44,2020-02-03 22:14:04,,,,https://rawg.io/games/this-book-is-a-dungeon
Dragomon Hunter,2015-12-02,PC,Played,PC,2020-02-03 22:05:43,2020-02-03 22:13:58,,,,https://rawg.io/games/dragomon-hunter
Totally Accurate Battlegrounds,2018-06-05,PC,Not played,PC,2020-02-03 22:05:45,2020-02-03 22:12:37,,,,https://rawg.io/games/totally-accurate-battlegrounds
Whispers of a Machine,TBA,"iOS, macOS, PC",Not played,PC,2020-02-03 22:05:45,2020-02-03 22:11:44,,,,https://rawg.io/games/whispers-of-a-machine
The Witcher: Enhanced Edition Director's Cut,2008-09-16,"PC, macOS",Played,,2020-02-03 22:11:23,2020-02-03 22:11:25,,,,https://rawg.io/games/the-witcher-enhanced-edition-directors-cut
Rise of the Tomb Raider,2015-11-10,"PC, Xbox One, PlayStation 4, macOS",Played,,2020-02-03 22:11:13,2020-02-03 22:11:21,,,,https://rawg.io/games/rise-of-the-tomb-raider
Destiny 2,2017-09-06,"PC, Xbox One, PlayStation 4",Played,,2020-02-03 22:11:05,2020-02-03 22:11:07,,,,https://rawg.io/games/destiny-2
PAYDAY 2,2013-08-13,"PC, Linux, Xbox One",Not played,PC,2020-02-03 22:05:45,2020-02-03 22:10:57,,,,https://rawg.io/games/payday-2
Limbo,2010-07-21,"PC, iOS, Linux, macOS, Android, Xbox One, Xbox 360, PlayStation 3, PlayStation 4, Nintendo Switch, PS Vita",Played,PC,2020-02-03 22:05:44,2020-02-03 22:10:54,,,,https://rawg.io/games/limbo
Twin Saga,2017-09-01,PC,Played,PC,2020-02-03 22:05:44,2020-02-03 22:10:42,,,,https://rawg.io/games/twin-saga
Evergarden,2018-08-16,"iOS, PC, Linux, macOS",Not played,PC,2020-02-03 22:05:44,2020-02-03 22:10:37,,,,https://rawg.io/games/evergarden
DiRT Rally 2.0,2019-02-26,"PC, Xbox One, PlayStation 4",Not played,PC,2020-02-03 22:05:45,2020-02-03 22:10:32,,,,https://rawg.io/games/dirt-rally-20
Minion Masters,2019-05-24,"PC, Xbox One",Not played,PC,2020-02-03 22:05:44,2020-02-03 22:10:01,,,,https://rawg.io/games/minion-masters
Magicite,2014-06-09,"Linux, PC, macOS",Played,PC,2020-02-03 22:05:42,2020-02-03 22:09:30,,,,https://rawg.io/games/magicite
Steel & Steam: Episode 1,2014-07-16,PC,Not played,PC,2020-02-03 22:05:42,2020-02-03 22:09:22,,,,https://rawg.io/games/steel-steam-episode-1
Royal Quest,2014-08-06,PC,Not played,PC,2020-02-03 22:05:42,2020-02-03 22:09:17,,,,https://rawg.io/games/royal-quest
The Elder Scrolls Online: Tamriel Unlimited,2015-03-17,"PC, macOS, Xbox One, PlayStation 4",Played,PC,2020-02-03 22:05:43,2020-02-03 22:08:53,,,,https://rawg.io/games/the-elder-scrolls-online-tamriel-unlimited
Noita,2019-09-23,PC,Currently playing,PC,2020-02-03 22:05:45,2020-02-03 22:07:53,,,,https://rawg.io/games/noita
Dreams,2020-02-14,PlayStation 4,Wishlist,PlayStation 4,2020-02-04 14:42:42,2020-02-04 14:42:42,,,,https://rawg.io/games/dreams
Worlds of Ultima: The Savage Empire,1990-12-29,"macOS, PC",Not played,PC,2020-02-04 14:39:58,2020-02-04 14:40:49,,,,https://rawg.io/games/worlds-of-ultima-the-savage-empire
Team Fortress Classic,1999-04-01,"Linux, PC, macOS",Not played,PC,2020-02-03 22:05:45,2020-02-03 22:43:28,,,,https://rawg.io/games/team-fortress-classic
The Walking Dead: Season 1,2012-04-23,"iOS, macOS, PC, Android, Nintendo Switch, PlayStation 3, Xbox One, PlayStation 4, PS Vita, Xbox 360",Not played,PC,2020-02-03 22:05:40,2020-02-03 22:42:17,,,,https://rawg.io/games/the-walking-dead
Unrailed!,1900-01-01,PC,Played,PC,2020-02-03 22:05:45,2020-02-03 22:42:09,,,,https://rawg.io/games/unrailed
Fallout: A Post Nuclear Role Playing Game,1997-09-30,"PC, macOS, Classic Macintosh",Played,PC,2020-02-03 22:05:45,2020-02-03 22:42:06,,,,https://rawg.io/games/fallout-a-post-nuclear-role-playing-game
The Elder Scrolls III: Morrowind,2002-05-02,"PC, Xbox 360, Xbox, Xbox One",Played,PC,2020-02-03 22:05:40,2020-02-03 22:42:01,,,,https://rawg.io/games/morrowind
Half-Life 2: Episode Two,2007-10-09,"PC, Android, macOS, Xbox 360, Linux",Not played,PC,2020-02-03 22:05:45,2020-02-03 22:41:56,,,,https://rawg.io/games/half-life-2-episode-two
Halo Wars,2010-08-11,Xbox 360,Not played,Xbox 360,2020-02-03 22:06:26,2020-02-03 22:41:46,,,,https://rawg.io/games/halo-wars
Moonbase Alpha,2010-07-06,PC,Played,PC,2020-02-03 22:05:41,2020-02-03 22:41:31,,,,https://rawg.io/games/moonbase-alpha
Metro 2033,2010-03-16,"PC, Xbox 360",Not played,PC,2020-02-03 22:05:45,2020-02-03 22:41:28,,,,https://rawg.io/games/metro-2033
Two Worlds Epic Edition,2009-04-30,"Linux, PC, macOS",Played,PC,2020-02-03 22:05:40,2020-02-03 22:41:23,,,,https://rawg.io/games/two-worlds-epic-edition
"Time Gentlemen, Please! and Ben There, Dan That! Special Edition Double Pack",2009-08-25,PC,Not played,PC,2020-02-03 22:05:40,2020-02-03 22:41:20,,,,https://rawg.io/games/time-gentlemen-please-and-ben-there-dan-that-speci
Brutal Legend,2009-10-12,"macOS, iOS, Linux, PC, Xbox 360, PlayStation 3",Not played,PC,2020-02-03 22:05:41,2020-02-03 22:41:16,,,,https://rawg.io/games/brutal-legend
Assassin's Creed II,2009-11-17,"PlayStation 3, macOS, Xbox One, PC, PlayStation 4, Xbox 360",Not played,Xbox One,2020-02-03 22:06:26,2020-02-03 22:40:48,,,,https://rawg.io/games/assassins-creed-ii
Gothic II: Gold Edition,2010-01-13,PC,Not played,PC,2020-02-03 22:05:40,2020-02-03 22:40:45,,,,https://rawg.io/games/gothic-ii-gold-edition
Tropico 4,2011-08-24,"PC, macOS, Xbox 360",Played,PC,2020-02-03 22:05:40,2020-02-03 22:40:34,,,,https://rawg.io/games/tropico-4
LEGO Creator,1900-01-01,PC,,,,,recommended,,2020-02-03 23:21:10,https://rawg.io/games/lego-creator
Fortnite: Save The World,2017-07-21,"Nintendo Switch, iOS, Xbox One, PC, PlayStation 4",,,,,skip,,2020-02-03 22:59:13,https://rawg.io/games/fortnite
